Link,Paragraph
#,"Find centralized, trusted content and collaborate around the technologies you use most."
https://stackoverflow.com,Teams
https://stackoverflow.co/,Q&A for work
#,Connect and share knowledge within a single location that is structured and easy to search.
https://stackoverflow.co/teams/,Get early access and see previews of new features.
/questions,or search content
https://stackoverflow.co/teams/,"A community-based space to find and contribute answers to technical challenges, and one of the most popular websites in the world."
https://stackoverflow.co/talent/,or search content
https://stackoverflow.co/advertising/,"A web-based platform to increase productivity, decrease cycle times, accelerate time to market, and protect institutional knowledge."
https://stackoverflow.co/labs/,Thousands of organizations around the globe use Stack Overflow for Teams
https://stackoverflow.co/,Capture your company’s knowledge and context in a discoverable format to unblock your team
https://stackoverflow.com,"If somebody somewhere has the right answer, suddenly you have it too. Collaborate better in a remote-first world."
https://stackoverflow.com,Shorten the time between initial idea and complete product. Take delays and misinformation out of the equation.
https://stackoverflow.com/help,"People come and people go, but if you capture their contributions in one central place, that expertise sticks around."
https://chat.stackoverflow.com/?tab=site&host=stackoverflow.com,Here are just a few types of technologists that we help.
https://meta.stackoverflow.com,Shipping new products and features requires teamwork and coordination. Forget checklists and long docs no one ever reads.
https://stackoverflow.com/users/signup?ssrc=site_switcher&returnurl=https%3a%2f%2fstackoverflow.com%2f,Business decisions are better when backed by data. Give visibility to the data that support your strategies.
https://stackoverflow.com/users/login?ssrc=site_switcher&returnurl=https%3a%2f%2fstackoverflow.com%2f,Help engineers be more efficient and streamline knowledge sharing using a tool they already love and trust.
https://stackexchange.com/sites,Level up your support by providing information to your customers using a natural interface: questions and answers.
https://stackoverflow.blog,Help your team get the information they need to do their job - reduce burnout and help engineers grow and learn together.
https://stackoverflow.com/users/login?ssrc=head&returnurl=https%3a%2f%2fstackoverflow.com%2f,Always free up to 50 teammates
https://stackoverflow.com/users/signup?ssrc=head&returnurl=https%3a%2f%2fstackoverflow.com%2f,Up to 250 teammates
/,Unlimited teammates
/questions,Unlimited teammates
/tags,"All plans come with integrations for ChatOps tools Slack & Microsoft Teams in order to cut down on pings, limit distractions and make the tools even more powerful. Business and Enterprise customers get access to Jira, GitHub & Okta integrations."
/users,"Stack Overflow for Teams has been a resource for our entire company. Not only for developers to solve problems, it’s also enabled our sales field to answer technical questions that help them close deals."
https://stackoverflow.com/jobs/companies?so_medium=stackoverflow&so_source=SiteNav,"Engineers should help solve the hardest questions, the unknowns, where being familiar with how the product was built is essential. But we don’t want to keep answering solved problems over and over again. That’s where Stack Overflow for Teams really helps."
javascript:void(0),"As we started to use [Stack Overflow for Teams] and saw how nice it was to have a repository of information, we started to see it spread to other teams. Our customer support team started using it, our people success team started using it, next thing we knew, we had [Slack] integrations all over the place."
/collectives,What we love about Stack Overflow for Teams is that it’s a very dynamic tool…there’s just so many ways to use this as a liaison between different teams and different knowledge bases.
javascript:void(0),Reach the world’s largest audience of developers and technologists
/collectives/beta/discussions,Connecting communities with the specific technologies they use the most
https://try.stackoverflow.co/why-teams/?utm_source=so-owned&utm_medium=side-bar&utm_campaign=campaign-38&utm_content=cta,"
                Build your employer brand
            "
https://stackoverflow.co/teams/,"From Server Fault to Super User, much of the Stack Exchange network continues our mission to empower the world to develop technology through collective knowledge. Other sites on the Stack Exchange network further encourage knowledge sharing across topics such as cooking and medicine."
javascript:void(0),Build a private community to share technical or non-technical knowledge.
https://stackoverflowteams.com/teams/create/free/?utm_source=so-owned&utm_medium=side-bar&utm_campaign=campaign-38&utm_content=cta,"
Site design / logo © 2024 Stack Exchange Inc; user contributions licensed under CC BY-SA.                    rev 2024.1.30.4069
"
